economic_activity,monthly_revenue,number_of_employees,city,age,innovation,customer_segment
Commerce,713109.95,12,Rio de Janeiro,6,1,Bronze
Commerce,790714.38,9,São Paulo,15,0,Bronze
Commerce,1197239.33,17,São Paulo,4,9,Silver
Industry,449185.78,15,São Paulo,6,0,Starter
Agribusiness,1006373.16,15,São Paulo,15,8,Silver
Services,1629562.41,16,Rio de Janeiro,11,4,Silver
Services,771179.95,13,Vitória,0,1,Starter
Services,707837.61,16,São Paulo,10,6,Silver
Commerce,888983.66,17,Belo Horizonte,10,1,Bronze
Industry,1098512.64,13,Rio de Janeiro,9,3,Bronze
Commerce,695548.78,11,Rio de Janeiro,10,4,Bronze
Agribusiness,556632.55,14,Rio de Janeiro,9,4,Silver
Services,800123.32,15,Rio de Janeiro,11,6,Silver
Services,1544423.2,15,Vitória,9,3,Silver
Commerce,1058543.63,12,Belo Horizonte,8,8,Silver
Commerce,783081.11,10,Belo Horizonte,8,7,Bronze
Services,566156.05,15,Vitória,8,8,Silver
Agribusiness,1047680.24,14,Rio de Janeiro,12,0,Bronze
Industry,836793.37,12,Rio de Janeiro,10,7,Bronze
Agribusiness,1072955.49,14,São Paulo,12,5,Silver
Commerce,1125089.99,16,Rio de Janeiro,6,2,Silver
Services,1424196.41,17,Vitória,16,2,Silver
Services,1376884.23,17,Rio de Janeiro,9,4,Silver
Commerce,1240936.73,19,São Paulo,13,5,Gold
Industry,947515.95,18,Vitória,15,2,Silver
Commerce,1237763.98,18,São Paulo,7,1,Bronze
Commerce,1181642.63,10,São Paulo,7,7,Silver
Commerce,782097.18,11,Vitória,9,6,Silver
Agribusiness,111926.48,13,Rio de Janeiro,4,2,Starter
Industry,489936.94,13,Belo Horizonte,12,1,Bronze
Industry,1164187.89,13,São Paulo,3,2,Bronze
Industry,1418374.5,16,Vitória,7,9,Gold
Services,1325421.71,14,Vitória,12,5,Silver
Services,445704.4,13,Belo Horizonte,7,6,Silver
Agribusiness,958656.71,4,Vitória,5,5,Bronze
Services,1207754.02,12,Rio de Janeiro,12,3,Silver
Agribusiness,1258551.12,15,Vitória,12,5,Silver
Services,1051870.82,16,São Paulo,9,6,Silver
Agribusiness,1116791.99,17,Belo Horizonte,11,8,Silver
Industry,944040.44,10,Belo Horizonte,7,7,Silver
Commerce,878314.15,9,Rio de Janeiro,6,6,Bronze
Services,645734.68,15,São Paulo,9,3,Silver
Services,1197770.02,17,São Paulo,7,3,Silver
Commerce,619332.74,17,Rio de Janeiro,6,4,Silver
Commerce,973809.28,17,Rio de Janeiro,14,1,Bronze
Industry,1055849.89,16,Belo Horizonte,13,9,Silver
Commerce,743078.06,12,São Paulo,12,3,Bronze
Industry,853682.38,11,São Paulo,8,0,Bronze
Agribusiness,1188462.86,17,Rio de Janeiro,9,8,Silver
Agribusiness,1922245.53,10,Rio de Janeiro,9,7,Silver
Commerce,854257.82,13,Vitória,13,6,Silver
Services,296714.92,8,Rio de Janeiro,8,1,Starter
Industry,1398126.07,12,São Paulo,12,2,Bronze
Agribusiness,1366079.54,15,Vitória,12,3,Bronze
Services,615848.03,15,São Paulo,3,0,Starter
Commerce,95680.54,12,Rio de Janeiro,12,0,Starter
Commerce,588181.56,16,Vitória,8,2,Bronze
Agribusiness,2263343.91,12,Belo Horizonte,9,1,Bronze
Services,992946.81,16,Vitória,10,5,Silver
Agribusiness,990270.34,16,Vitória,7,9,Silver
Industry,899158.38,10,Rio de Janeiro,7,9,Silver
Industry,969864.84,17,Vitória,10,4,Silver
Services,866778.96,15,Rio de Janeiro,6,1,Bronze
Industry,1523849.47,16,Vitória,10,7,Silver
Commerce,842146.63,12,Vitória,8,8,Silver
Services,431140.66,10,São Paulo,9,3,Bronze
Commerce,1102025.65,6,Rio de Janeiro,10,5,Silver
Industry,837639.72,14,Vitória,2,2,Bronze
Industry,1539172.91,12,Belo Horizonte,10,0,Bronze
Agribusiness,662659.12,15,Belo Horizonte,14,1,Bronze
Industry,873208.52,13,São Paulo,6,5,Bronze
Commerce,1191112.82,15,Vitória,13,1,Bronze
Agribusiness,936929.11,14,Rio de Janeiro,11,1,Silver
Commerce,653645.84,10,Vitória,6,7,Bronze
Services,914998.87,14,Rio de Janeiro,13,5,Silver
Agribusiness,931561.93,9,Belo Horizonte,12,2,Silver
Industry,1489753.71,11,Rio de Janeiro,8,2,Bronze
Services,389151.32,13,Rio de Janeiro,10,3,Bronze
Commerce,734331.53,15,Rio de Janeiro,9,5,Bronze
Services,1195418.56,14,Vitória,9,8,Silver
Commerce,1077111.04,9,Vitória,9,7,Silver
Industry,1098366.38,13,São Paulo,12,2,Bronze
Services,1578288.81,13,Belo Horizonte,13,2,Bronze
Commerce,903521.24,18,São Paulo,4,7,Silver
Industry,1293348.75,18,Vitória,7,3,Silver
Industry,559870.94,17,Vitória,10,9,Silver
Industry,1378891.79,13,Belo Horizonte,7,6,Bronze
Industry,1124033.51,12,São Paulo,13,1,Bronze
Services,1239188.62,16,Rio de Janeiro,10,0,Bronze
Industry,241891.6,13,São Paulo,11,6,Silver
Agribusiness,226715.57,16,Belo Horizonte,9,0,Starter
Services,316147.85,15,Vitória,10,3,Bronze
Commerce,983027.55,19,São Paulo,9,4,Silver
Agribusiness,1081112.62,16,Vitória,7,1,Silver
Industry,1351509.91,16,Vitória,10,2,Silver
Services,705494.09,18,Vitória,12,8,Silver
Agribusiness,1616152.72,16,Rio de Janeiro,10,7,Silver
Agribusiness,121410.81,3,São Paulo,7,6,Starter
Industry,1379112.59,9,Rio de Janeiro,15,9,Silver
Services,371592.27,14,Vitória,3,4,Starter
Commerce,1005847.92,13,Vitória,5,1,Bronze
Services,909973.14,17,Rio de Janeiro,8,1,Bronze
Services,717966.54,14,Vitória,9,4,Silver
Commerce,1079558.76,12,Rio de Janeiro,4,5,Bronze
Industry,348577.69,17,São Paulo,11,0,Bronze
Agribusiness,1419109.8,13,São Paulo,10,3,Bronze
Agribusiness,785108.04,14,Rio de Janeiro,7,8,Silver
Services,2083352.96,4,São Paulo,7,3,Silver
Services,705535.84,16,São Paulo,9,5,Bronze
Industry,1102257.75,12,Rio de Janeiro,14,9,Silver
Commerce,184770.26,11,Vitória,9,8,Bronze
Agribusiness,1146243.42,16,Belo Horizonte,12,7,Silver
Agribusiness,1706382.47,15,São Paulo,11,7,Gold
Commerce,1932443.78,13,São Paulo,14,7,Silver
Industry,1443795.53,14,Belo Horizonte,10,0,Silver
Services,1388175.16,13,Belo Horizonte,8,2,Bronze
Commerce,1033935.28,9,Belo Horizonte,14,8,Silver
Services,1506130.56,18,Rio de Janeiro,9,0,Silver
Agribusiness,971873.18,13,Rio de Janeiro,12,4,Bronze
Commerce,1231155.45,11,Belo Horizonte,11,3,Silver
Industry,856263.52,14,São Paulo,11,0,Bronze
Industry,789695.82,14,São Paulo,16,2,Bronze
Agribusiness,617845.52,13,São Paulo,3,5,Bronze
Commerce,997025.99,19,Belo Horizonte,7,4,Silver
Industry,993329.43,18,Belo Horizonte,11,9,Silver
Agribusiness,1439742.37,15,Belo Horizonte,7,2,Bronze
Industry,1083390.19,17,São Paulo,10,9,Gold
Commerce,763290.3,11,Belo Horizonte,7,4,Silver
Agribusiness,1132167.53,7,Rio de Janeiro,11,4,Silver
Commerce,1404262.26,15,São Paulo,5,9,Silver
Commerce,833741.24,12,Belo Horizonte,8,6,Silver
Commerce,833486.37,18,São Paulo,11,0,Bronze
Commerce,949003.35,12,São Paulo,9,1,Bronze
Commerce,1383614.28,14,Vitória,8,3,Silver
Agribusiness,603109.29,18,Belo Horizonte,12,2,Bronze
Commerce,810709.96,14,Belo Horizonte,10,2,Silver
Industry,735388.51,17,Rio de Janeiro,10,9,Silver
Agribusiness,1574289.73,16,Belo Horizonte,7,6,Silver
Commerce,1589880.1,9,Belo Horizonte,7,0,Bronze
Commerce,993467.4,9,Belo Horizonte,10,4,Silver
Agribusiness,863881.59,15,São Paulo,10,7,Silver
Services,332979.68,12,Belo Horizonte,6,0,Starter
Services,831586.64,13,Vitória,16,1,Bronze
Agribusiness,18421.22,14,São Paulo,12,2,Starter
Commerce,823011.86,13,Belo Horizonte,7,9,Silver
Services,643092.4,7,Vitória,12,2,Bronze
Commerce,958451.91,9,Belo Horizonte,7,7,Bronze
Agribusiness,1841715.96,14,Rio de Janeiro,6,0,Bronze
Services,1114979.28,2,Rio de Janeiro,5,6,Bronze
Industry,843237.64,14,Belo Horizonte,7,6,Bronze
Commerce,853807.58,18,Rio de Janeiro,11,2,Bronze
Industry,1267527.12,14,Rio de Janeiro,13,3,Bronze
Industry,722272.13,17,Rio de Janeiro,10,5,Silver
Agribusiness,580396.98,15,São Paulo,10,7,Silver
Commerce,1153343.69,13,Rio de Janeiro,11,2,Silver
Services,1243667.61,14,Rio de Janeiro,7,6,Silver
Services,1655885.31,9,Vitória,13,7,Silver
Agribusiness,1563607.42,11,Belo Horizonte,10,7,Gold
Commerce,1404873.5,13,Belo Horizonte,13,2,Bronze
Industry,723535.75,6,Vitória,15,2,Bronze
Commerce,1276078.67,13,São Paulo,13,4,Silver
Agribusiness,810805.33,15,São Paulo,2,9,Bronze
Services,1555042.97,8,Rio de Janeiro,11,8,Silver
Industry,1142214.41,16,Vitória,9,6,Silver
Industry,1272544.7,16,Vitória,9,3,Silver
Commerce,983440.97,7,Belo Horizonte,12,5,Silver
Agribusiness,103994.8,13,Belo Horizonte,10,1,Starter
Industry,1236114.44,7,Belo Horizonte,5,1,Bronze
Industry,1565259.29,16,Vitória,4,9,Silver
Commerce,909928.51,13,Vitória,11,7,Silver
Commerce,1518495.54,15,São Paulo,16,9,Gold
Industry,1353384.97,13,Rio de Janeiro,7,6,Silver
Industry,1050126.53,12,Rio de Janeiro,4,2,Bronze
Services,1094043.53,14,Vitória,8,4,Silver
Agribusiness,1078181.16,20,Belo Horizonte,9,6,Silver
Commerce,1480465.17,19,Belo Horizonte,8,0,Silver
Services,267812.36,3,Belo Horizonte,7,9,Bronze
Services,1754666.01,16,Vitória,6,9,Silver
Agribusiness,1070918.51,15,Belo Horizonte,13,8,Gold
Agribusiness,334835.36,17,Vitória,8,7,Silver
Services,1290549.96,16,Rio de Janeiro,12,0,Bronze
Agribusiness,1363863.52,11,São Paulo,6,4,Silver
Agribusiness,834438.57,18,São Paulo,9,7,Silver
Commerce,1301428.04,18,Belo Horizonte,11,9,Silver
Agribusiness,148061.36,19,São Paulo,7,6,Bronze
Commerce,850020.42,17,Rio de Janeiro,5,5,Silver
Commerce,650241.43,10,Belo Horizonte,12,8,Silver
Commerce,494926.48,16,Vitória,6,1,Starter
Services,1057767.62,3,Vitória,10,9,Bronze
Industry,627273.65,17,Rio de Janeiro,8,8,Silver
Industry,665358.48,16,Vitória,10,9,Silver
Industry,740201.08,11,Vitória,10,0,Bronze
Industry,991762.16,19,Vitória,7,3,Silver
Agribusiness,1230575.08,16,Belo Horizonte,12,8,Silver
Industry,174738.56,16,Rio de Janeiro,6,1,Starter
Services,1407737.12,16,Vitória,10,8,Silver
Commerce,1376121.85,14,Rio de Janeiro,7,1,Bronze
Services,763143.44,17,Vitória,8,0,Bronze
Commerce,1009984.8,14,São Paulo,10,4,Silver
Industry,965508.49,18,Belo Horizonte,15,4,Silver
Agribusiness,1118393.81,13,Vitória,5,3,Bronze
Services,1094810.2,14,Belo Horizonte,8,8,Silver
Commerce,1093585.71,14,Rio de Janeiro,10,7,Silver
Agribusiness,1248640.73,14,Rio de Janeiro,12,1,Silver
Commerce,1475870,10,Rio de Janeiro,9,0,Silver
Services,564348.59,15,São Paulo,8,7,Silver
Services,768322.67,12,Rio de Janeiro,8,4,Silver
Commerce,1032819.03,12,Vitória,10,1,Bronze
Agribusiness,816484.64,17,Rio de Janeiro,4,5,Bronze
Commerce,535199.75,21,São Paulo,13,0,Bronze
Industry,743926.38,14,Belo Horizonte,12,0,Silver
Commerce,852074.86,16,São Paulo,9,2,Bronze
Commerce,1194723.4,13,Rio de Janeiro,7,1,Bronze
Commerce,849942.63,12,Vitória,9,0,Bronze
Services,1330082.14,17,São Paulo,6,2,Silver
Agribusiness,861194.33,13,Belo Horizonte,14,4,Silver
Commerce,312067.61,15,São Paulo,7,3,Bronze
Agribusiness,554967.95,13,Rio de Janeiro,9,9,Silver
Agribusiness,608858.82,18,Vitória,10,1,Bronze
Services,271560.28,14,Belo Horizonte,6,0,Bronze
Industry,1171807.82,15,Vitória,6,9,Silver
Commerce,1063111.93,15,Vitória,12,5,Silver
Industry,726828.81,18,São Paulo,9,6,Silver
Agribusiness,864076.14,17,Vitória,11,6,Silver
Commerce,1134311.38,14,Rio de Janeiro,10,7,Silver
Services,1220385.54,15,Belo Horizonte,8,8,Silver
Industry,988495.51,13,Belo Horizonte,9,2,Silver
Industry,769054.24,11,Rio de Janeiro,2,8,Bronze
Commerce,1027960.98,13,Vitória,13,0,Silver
Industry,1063262.79,8,Vitória,9,3,Bronze
Commerce,910568.59,16,Rio de Janeiro,7,0,Bronze
Industry,1716130.92,16,Rio de Janeiro,8,3,Silver
Industry,1230763.9,15,Belo Horizonte,7,7,Silver
Agribusiness,1014070.01,11,Vitória,12,6,Silver
Services,989109.67,14,São Paulo,8,2,Bronze
Industry,531384.99,17,Rio de Janeiro,7,7,Bronze
Services,84497.94,7,São Paulo,5,5,Starter
Commerce,1385339.46,15,Belo Horizonte,5,4,Silver
Agribusiness,1009392.87,11,São Paulo,13,8,Silver
Services,787481.84,18,Vitória,7,4,Silver
Commerce,679053.92,13,Rio de Janeiro,5,7,Silver
Services,1100001.65,19,Rio de Janeiro,13,3,Silver
Services,2390677.22,10,Belo Horizonte,6,1,Bronze
Commerce,977980.47,18,Belo Horizonte,9,2,Bronze
Commerce,598717.71,13,Rio de Janeiro,5,2,Bronze
Agribusiness,1025701.64,15,Vitória,11,9,Silver
Agribusiness,788278.22,13,Rio de Janeiro,8,3,Silver
Agribusiness,64711.22,17,Belo Horizonte,4,6,Bronze
Industry,1570819.07,15,Vitória,11,8,Gold
Industry,1993908.63,14,São Paulo,6,6,Silver
Agribusiness,785668.64,15,São Paulo,9,9,Silver
Industry,1258737.22,15,São Paulo,13,0,Bronze
Agribusiness,1320450.27,15,Rio de Janeiro,7,0,Silver
Commerce,911615.28,15,Belo Horizonte,6,1,Bronze
Services,533072.17,12,Belo Horizonte,9,6,Bronze
Industry,659624.71,14,Belo Horizonte,8,5,Silver
Agribusiness,1367765.95,14,Belo Horizonte,8,7,Gold
Industry,1370699.52,14,São Paulo,10,6,Silver
Services,757658.35,8,São Paulo,16,7,Bronze
Services,1286670.98,14,São Paulo,10,0,Bronze
Services,1650111.3,12,Vitória,9,5,Silver
Commerce,803823.34,15,Belo Horizonte,8,9,Silver
Industry,1133686.14,10,São Paulo,9,2,Silver
Services,1016606.48,15,Vitória,7,8,Silver
Services,1209830.96,15,Vitória,10,2,Silver
Agribusiness,768946.51,14,Rio de Janeiro,12,4,Bronze
Commerce,1236870.36,14,Vitória,10,9,Silver
Agribusiness,1373604.43,11,Rio de Janeiro,9,7,Silver
Agribusiness,791201.94,12,Vitória,8,0,Bronze
Commerce,470253.72,13,Vitória,5,3,Bronze
Industry,1244020.43,11,Vitória,5,7,Bronze
Agribusiness,323593.53,16,Vitória,9,6,Silver
Industry,839638.4,12,São Paulo,11,0,Bronze
Industry,1460403.03,11,Belo Horizonte,11,8,Silver
Commerce,1255764.84,17,São Paulo,14,6,Silver
Services,915799.22,14,Belo Horizonte,13,5,Silver
Services,1541762.74,8,Belo Horizonte,9,4,Silver
Industry,429688.53,13,Belo Horizonte,8,7,Silver
Agribusiness,800004.44,17,Rio de Janeiro,9,5,Bronze
Industry,1017325.17,18,Vitória,12,6,Silver
Services,60516.83,14,Rio de Janeiro,9,4,Bronze
Industry,1207098.74,12,Vitória,10,9,Silver
Industry,791704.75,13,Vitória,12,2,Bronze
Agribusiness,1655693.05,13,Vitória,12,0,Silver
Agribusiness,1281521.01,6,Rio de Janeiro,12,7,Silver
Commerce,1902144.56,10,Vitória,9,7,Silver
Services,853723.67,8,Rio de Janeiro,10,8,Silver
Services,1344366.16,12,Vitória,5,8,Bronze
Industry,884940.1,17,São Paulo,13,4,Silver
Agribusiness,625599.74,15,Rio de Janeiro,7,2,Bronze
Industry,908289.25,16,Belo Horizonte,13,1,Bronze
Commerce,1032183.53,14,Belo Horizonte,11,8,Silver
Industry,2107306.42,11,Belo Horizonte,7,1,Bronze
Services,481595.99,13,Rio de Janeiro,7,3,Silver
Services,663326.41,18,São Paulo,16,9,Silver
Commerce,1588245.25,10,Rio de Janeiro,11,0,Bronze
Industry,921770.07,9,Rio de Janeiro,12,6,Bronze
Agribusiness,163682.26,18,Vitória,15,4,Bronze
Agribusiness,1247176.41,10,Rio de Janeiro,4,8,Bronze
Commerce,1212901.4,15,Rio de Janeiro,7,1,Bronze
Services,851080.66,15,Belo Horizonte,12,5,Silver
Industry,942883.08,15,São Paulo,7,8,Silver
Commerce,1707923.52,6,São Paulo,11,6,Silver
Agribusiness,1177227.98,16,Rio de Janeiro,13,1,Bronze
Agribusiness,499441.3,13,Vitória,12,1,Bronze
Industry,1395925.1,14,Rio de Janeiro,11,8,Silver
Industry,1456142.58,15,Rio de Janeiro,9,8,Gold
Commerce,693629.48,15,Rio de Janeiro,9,3,Silver
Commerce,1209549.81,12,Rio de Janeiro,6,5,Silver
Commerce,1713025.38,14,Belo Horizonte,4,2,Silver
Industry,1292741.18,11,Belo Horizonte,14,0,Silver
Industry,911521.72,18,São Paulo,11,3,Silver
Services,1094337.38,15,Rio de Janeiro,11,1,Bronze
Agribusiness,880090.72,13,Belo Horizonte,6,1,Bronze
Services,1015654.17,14,Rio de Janeiro,7,2,Bronze
Agribusiness,1398871.6,14,Vitória,14,0,Bronze
Commerce,1327130.38,14,Rio de Janeiro,6,7,Silver
Industry,1129203.5,18,São Paulo,11,3,Silver
Agribusiness,941612.29,13,Rio de Janeiro,7,9,Silver
Services,854382.67,15,Rio de Janeiro,12,1,Silver
Services,1318621.28,14,Rio de Janeiro,9,2,Silver
Industry,1458066.67,20,São Paulo,9,6,Silver
Commerce,1728544.72,18,São Paulo,10,2,Silver
Agribusiness,1161568.8,9,Belo Horizonte,7,7,Bronze
Industry,780121.59,14,São Paulo,6,7,Bronze
Industry,1298316.46,16,Belo Horizonte,12,6,Silver
Industry,1337880.08,18,Vitória,10,9,Silver
Services,231562.65,13,Vitória,9,6,Bronze
Industry,823374.93,10,Belo Horizonte,6,1,Starter
Services,356229.62,14,Rio de Janeiro,8,9,Bronze
Agribusiness,1532181.14,8,Belo Horizonte,2,6,Bronze
Agribusiness,1006625.13,12,Rio de Janeiro,14,1,Bronze
Industry,1104801.34,12,Belo Horizonte,5,3,Bronze
Agribusiness,722920.8,8,São Paulo,9,8,Silver
Services,734238.96,15,Rio de Janeiro,10,3,Bronze
Commerce,805436.7,15,Vitória,3,4,Bronze
Agribusiness,1647453.28,17,São Paulo,11,2,Silver
Commerce,898610.61,11,Vitória,9,0,Bronze
Services,626629.6,17,Vitória,10,9,Silver
Services,1794352.93,3,São Paulo,12,9,Silver
Industry,1043981.61,11,Belo Horizonte,10,9,Silver
Services,665572.04,15,São Paulo,13,4,Silver
Commerce,932845.17,11,Vitória,8,6,Bronze
Agribusiness,1569380.97,10,Vitória,9,1,Bronze
Industry,1216938.1,17,Vitória,6,2,Bronze
Commerce,1093042.03,9,Belo Horizonte,12,7,Silver
Commerce,1348626.67,12,Rio de Janeiro,10,0,Bronze
Industry,203045.12,12,Rio de Janeiro,6,6,Bronze
Services,602393.66,17,Belo Horizonte,10,3,Silver
Services,1010038.24,14,São Paulo,11,8,Silver
Industry,929711.04,17,São Paulo,8,5,Bronze
Agribusiness,1116387.07,12,Belo Horizonte,7,0,Bronze
Industry,1683711.93,16,Belo Horizonte,13,6,Silver
Agribusiness,626776.88,17,São Paulo,11,7,Silver
Industry,1219653.63,12,São Paulo,7,5,Silver
Industry,1314583.32,14,Rio de Janeiro,8,6,Silver
Commerce,1535533.76,14,São Paulo,10,3,Silver
Commerce,1936486.41,18,Rio de Janeiro,10,5,Gold
Industry,1382271.23,15,Vitória,13,7,Silver
Industry,1238547.54,13,Vitória,9,3,Bronze
Agribusiness,944765.54,15,Rio de Janeiro,8,7,Bronze
Agribusiness,1057982.09,17,Vitória,7,0,Bronze
Industry,1046845.34,2,Vitória,9,8,Bronze
Agribusiness,333127.92,17,São Paulo,10,8,Bronze
Industry,1189103.92,16,São Paulo,8,5,Silver
Commerce,1003981.55,13,Rio de Janeiro,8,2,Bronze
Commerce,629572.6,16,Vitória,8,1,Bronze
Industry,753664.57,14,Rio de Janeiro,8,0,Starter
Services,549149.57,9,São Paulo,9,8,Bronze
Industry,1288325.43,15,São Paulo,15,4,Silver
Agribusiness,928727.24,10,Rio de Janeiro,11,2,Silver
Commerce,1843761.24,17,Belo Horizonte,15,1,Bronze
Agribusiness,244825,15,Vitória,11,4,Bronze
Industry,656377.77,10,Vitória,10,4,Silver
Commerce,1574626.03,11,Vitória,13,9,Gold
Agribusiness,1439950.65,10,Vitória,12,7,Silver
Services,721463.53,16,Rio de Janeiro,6,5,Bronze
Services,1436673,12,São Paulo,12,3,Silver
Commerce,841346.81,14,Vitória,7,2,Bronze
Industry,1485834.15,14,São Paulo,6,6,Silver
Commerce,1459878,15,Vitória,4,5,Silver
Agribusiness,1349860.72,17,São Paulo,10,9,Silver
Industry,1952250.45,12,Vitória,8,0,Bronze
Services,1027285.87,15,Vitória,8,8,Silver
Commerce,1053130.05,19,São Paulo,8,9,Silver
Services,990690.47,16,São Paulo,7,3,Bronze
Services,1118793.07,19,Belo Horizonte,8,2,Bronze
Agribusiness,1902367.98,15,Rio de Janeiro,11,7,Gold
Industry,981440.96,14,Rio de Janeiro,8,8,Silver
Agribusiness,506672.67,14,Vitória,12,8,Silver
Industry,1735063.39,10,São Paulo,8,6,Silver
Commerce,686102.63,12,Vitória,16,3,Silver
Industry,715243.69,13,São Paulo,12,1,Bronze
Services,1193834.4,15,Vitória,11,5,Silver
Agribusiness,1743573.32,17,Belo Horizonte,12,6,Silver
Commerce,1167501.7,17,Belo Horizonte,10,7,Silver
Agribusiness,989883.92,13,São Paulo,16,1,Silver
Commerce,1058929.85,11,São Paulo,7,8,Bronze
Services,673865.11,9,Rio de Janeiro,11,7,Bronze
Services,591593.3,16,Vitória,11,6,Silver
Agribusiness,916748.4,19,Vitória,5,2,Silver
Services,1694996.88,15,Rio de Janeiro,10,4,Silver
Commerce,550053.3,10,Vitória,10,9,Silver
Services,1195575.01,16,Belo Horizonte,8,1,Bronze
Commerce,1867234.3,12,São Paulo,8,4,Silver
Commerce,1077943.15,12,Vitória,12,9,Silver
Services,1228736.22,14,Belo Horizonte,12,8,Silver
Commerce,1003381.76,12,Vitória,7,3,Bronze
Agribusiness,603305.03,14,Rio de Janeiro,12,1,Bronze
Services,1220941.7,16,Belo Horizonte,14,1,Bronze
Agribusiness,545859.25,14,Vitória,10,2,Bronze
Services,1124754.89,10,São Paulo,6,6,Silver
Agribusiness,1167866.74,17,Belo Horizonte,8,5,Silver
Industry,1362343.3,14,Belo Horizonte,8,7,Silver
Services,1103149.26,13,São Paulo,14,6,Silver
Agribusiness,743480.47,11,São Paulo,3,4,Bronze
Services,434194.11,10,Vitória,11,6,Bronze
Industry,479869.9,16,Vitória,12,3,Bronze
Services,1071831.13,14,Vitória,13,9,Silver
Commerce,593531.52,12,Belo Horizonte,6,3,Bronze
Commerce,1492116.94,15,Vitória,6,7,Silver
Industry,658580.22,18,Belo Horizonte,13,3,Silver
Industry,869605.13,13,Rio de Janeiro,9,4,Bronze
Services,879688.87,15,Belo Horizonte,8,3,Bronze
Services,725022.65,13,Rio de Janeiro,11,1,Bronze
Commerce,1316076.16,16,São Paulo,11,3,Silver
Commerce,1056532.62,13,São Paulo,8,5,Silver
Services,836973.51,17,São Paulo,11,6,Silver
Commerce,79015.03,5,Vitória,11,2,Starter
Agribusiness,1780802.99,13,São Paulo,7,7,Gold
Agribusiness,1328577.86,14,Vitória,10,3,Bronze
Services,435489.53,14,São Paulo,13,0,Bronze
Agribusiness,844782.42,5,Vitória,9,1,Starter
Industry,1298004.31,15,Belo Horizonte,12,2,Silver
Commerce,1662826.01,13,Vitória,9,9,Silver
Commerce,970959.21,15,Vitória,11,5,Bronze
Agribusiness,869638.69,18,Rio de Janeiro,10,6,Silver
Commerce,1009839.03,14,São Paulo,15,6,Silver
Services,1021085.99,12,São Paulo,10,1,Bronze
Commerce,1239494.05,14,Rio de Janeiro,4,6,Bronze
Commerce,1536684.3,15,Vitória,13,5,Gold
Commerce,1068322.53,13,Rio de Janeiro,7,9,Silver
Commerce,983540.2,13,Vitória,10,6,Silver
Commerce,880695.38,14,Belo Horizonte,10,9,Silver
Agribusiness,119950.58,15,Rio de Janeiro,8,4,Bronze
Services,1346978.95,14,Rio de Janeiro,10,2,Bronze
Agribusiness,1752009.96,13,Vitória,5,0,Bronze
Commerce,1061121.78,14,Belo Horizonte,16,4,Silver
Industry,1358513.26,17,Belo Horizonte,8,8,Silver
Industry,254263.2,13,São Paulo,7,5,Bronze
Commerce,475032.23,16,Rio de Janeiro,10,1,Bronze
Agribusiness,1330014.86,12,Vitória,10,5,Silver
Agribusiness,1042344.43,12,Vitória,5,1,Bronze
Services,429809.37,12,São Paulo,11,6,Bronze
Commerce,1198949.59,15,Rio de Janeiro,5,1,Bronze
Agribusiness,1024828.18,14,Vitória,10,4,Silver
Services,1878689.05,17,Rio de Janeiro,10,7,Silver
Commerce,1635893.76,18,Belo Horizonte,4,6,Silver
Agribusiness,1147381.02,17,Belo Horizonte,6,4,Silver
Commerce,1155825.73,13,São Paulo,11,7,Silver
Services,1295183.25,17,São Paulo,9,6,Silver
Commerce,654953.48,11,São Paulo,15,7,Silver
Commerce,1130027.72,8,Vitória,7,5,Silver
Services,25576.28,12,Rio de Janeiro,16,2,Starter
Industry,1227045.41,15,São Paulo,11,0,Bronze
Industry,805517.39,11,Rio de Janeiro,12,1,Bronze
Services,1169132.47,15,Rio de Janeiro,11,3,Silver
Agribusiness,1109076.58,15,Vitória,10,8,Silver
Commerce,695368.23,15,Rio de Janeiro,15,2,Bronze
Commerce,1355673.25,15,Rio de Janeiro,13,5,Silver
Industry,809933.42,16,Rio de Janeiro,7,0,Bronze
Commerce,1229181.97,11,Vitória,8,0,Bronze
Services,1693342.51,14,Belo Horizonte,4,7,Silver
Agribusiness,618250.8,9,Belo Horizonte,11,8,Silver
Agribusiness,811781.56,14,Rio de Janeiro,6,4,Bronze
Commerce,745302.32,13,Rio de Janeiro,9,3,Bronze
Services,1052598.3,15,São Paulo,11,4,Bronze
Agribusiness,1103740.65,18,Belo Horizonte,11,8,Silver
Services,1810013.45,12,Vitória,8,0,Bronze
Industry,1334308.97,14,São Paulo,6,2,Bronze
Agribusiness,1425718.91,17,Vitória,5,5,Bronze
Commerce,1662467.08,8,Vitória,1,7,Bronze
Agribusiness,1681458.49,14,Belo Horizonte,13,8,Gold
Services,1509385.85,13,Belo Horizonte,11,0,Silver
Commerce,1533062.06,18,Vitória,5,9,Silver
Commerce,786224.94,9,São Paulo,12,2,Silver
Agribusiness,445571.87,15,São Paulo,13,1,Bronze
Services,505124.91,14,Vitória,7,5,Bronze
Industry,2006688.81,13,São Paulo,13,5,Silver
Agribusiness,416429.3,14,São Paulo,7,1,Starter
Industry,215580.61,11,Belo Horizonte,7,3,Starter
Services,1050776.57,14,Vitória,8,0,Bronze
Commerce,785671.05,15,Vitória,9,2,Bronze
Services,658330.45,20,Belo Horizonte,4,8,Bronze
Agribusiness,1643153.26,14,Rio de Janeiro,10,1,Bronze
Services,1581841.42,17,Rio de Janeiro,8,2,Silver
Industry,1291309.57,9,São Paulo,6,9,Bronze
Services,2211489.85,10,Belo Horizonte,10,0,Bronze
Agribusiness,1460860.46,12,Rio de Janeiro,5,3,Silver
Industry,173684.43,13,Belo Horizonte,4,9,Bronze